EmployeeDTO{empID='198429', namePrefix='Mrs.', firstName='Serafina', middleInitial='I', lastName='Bumgarner', gender='F', email='serafina.bumgarner@exxonmobil.com', dob='1982-09-21', dateOfJoining='2008-02-01', salary='69294'}
EmployeeDTO{empID='198429', namePrefix='Mrs.', firstName='Serafina', middleInitial='I', lastName='Bumgarner', gender='F', email='serafina.bumgarner@exxonmobil.com', dob='1982-09-21', dateOfJoining='2008-02-01', salary='69294'}
EmployeeDTO{empID='198429', namePrefix='Mrs.', firstName='Serafina', middleInitial='I', lastName='Bumgarner', gender='F', email='serafina.bumgarner@exxonmobil.com', dob='1982-09-21', dateOfJoining='2008-02-01', salary='69294'}
EmployeeDTO{empID='198429', namePrefix='Mrs.', firstName='Serafina', middleInitial='I', lastName='Bumgarner', gender='F', email='serafina.bumgarner@exxonmobil.com', dob='1982-09-21', dateOfJoining='2008-02-01', salary='69294'}
EmployeeDTO{empID='198429', namePrefix='Mrs.', firstName='Serafina', middleInitial='I', lastName='Bumgarner', gender='F', email='serafina.bumgarner@exxonmobil.com', dob='1982-09-21', dateOfJoining='2008-02-01', salary='69294'}
EmployeeDTO{empID='198429', namePrefix='Mrs.', firstName='Serafina', middleInitial='I', lastName='Bumgarner', gender='F', email='serafina.bumgarner@exxonmobil.com', dob='1982-09-21', dateOfJoining='2008-02-01', salary='69294'}
EmployeeDTO{empID='198429', namePrefix='Mrs.', firstName='Serafina', middleInitial='I', lastName='Bumgarner', gender='F', email='serafina.bumgarner@exxonmobil.com', dob='1982-09-21', dateOfJoining='2008-02-01', salary='69294'}
EmployeeDTO{empID='198429', namePrefix='Mrs.', firstName='Juliette', middleInitial='M', lastName='Rojo', gender='F', email='juliette.rojo@yahoo.co.uk', dob='1967-05-08', dateOfJoining='2011-06-04', salary='193912'}
EmployeeDTO{empID='198429', namePrefix='Mrs.', firstName='Juliette', middleInitial='M', lastName='Rojo', gender='F', email='juliette.rojo@yahoo.co.uk', dob='1967-05-08', dateOfJoining='2011-06-04', salary='193912'}
EmployeeDTO{empID='198429', namePrefix='Mrs.', firstName='Juliette', middleInitial='M', lastName='Rojo', gender='F', email='juliette.rojo@yahoo.co.uk', dob='1967-05-08', dateOfJoining='2011-06-04', salary='193912'}
EmployeeDTO{empID='198429', namePrefix='Mrs.', firstName='Juliette', middleInitial='M', lastName='Rojo', gender='F', email='juliette.rojo@yahoo.co.uk', dob='1967-05-08', dateOfJoining='2011-06-04', salary='193912'}
EmployeeDTO{empID='198429', namePrefix='Mrs.', firstName='Juliette', middleInitial='M', lastName='Rojo', gender='F', email='juliette.rojo@yahoo.co.uk', dob='1967-05-08', dateOfJoining='2011-06-04', salary='193912'}
EmployeeDTO{empID='198429', namePrefix='Mrs.', firstName='Juliette', middleInitial='M', lastName='Rojo', gender='F', email='juliette.rojo@yahoo.co.uk', dob='1967-05-08', dateOfJoining='2011-06-04', salary='193912'}
EmployeeDTO{empID='198429', namePrefix='Mrs.', firstName='Juliette', middleInitial='M', lastName='Rojo', gender='F', email='juliette.rojo@yahoo.co.uk', dob='1967-05-08', dateOfJoining='2011-06-04', salary='193912'}
EmployeeDTO{empID='198429', namePrefix='Mr.', firstName='Milan', middleInitial='F', lastName='Krawczyk', gender='M', email='milan.krawczyk@hotmail.com', dob='1980-04-04', dateOfJoining='2012-01-19', salary='123681'}
EmployeeDTO{empID='198429', namePrefix='Mr.', firstName='Milan', middleInitial='F', lastName='Krawczyk', gender='M', email='milan.krawczyk@hotmail.com', dob='1980-04-04', dateOfJoining='2012-01-19', salary='123681'}
EmployeeDTO{empID='198429', namePrefix='Mr.', firstName='Milan', middleInitial='F', lastName='Krawczyk', gender='M', email='milan.krawczyk@hotmail.com', dob='1980-04-04', dateOfJoining='2012-01-19', salary='123681'}
EmployeeDTO{empID='198429', namePrefix='Mr.', firstName='Milan', middleInitial='F', lastName='Krawczyk', gender='M', email='milan.krawczyk@hotmail.com', dob='1980-04-04', dateOfJoining='2012-01-19', salary='123681'}
EmployeeDTO{empID='198429', namePrefix='Mr.', firstName='Milan', middleInitial='F', lastName='Krawczyk', gender='M', email='milan.krawczyk@hotmail.com', dob='1980-04-04', dateOfJoining='2012-01-19', salary='123681'}
EmployeeDTO{empID='198429', namePrefix='Mr.', firstName='Milan', middleInitial='F', lastName='Krawczyk', gender='M', email='milan.krawczyk@hotmail.com', dob='1980-04-04', dateOfJoining='2012-01-19', salary='123681'}
EmployeeDTO{empID='198429', namePrefix='Mr.', firstName='Milan', middleInitial='F', lastName='Krawczyk', gender='M', email='milan.krawczyk@hotmail.com', dob='1980-04-04', dateOfJoining='2012-01-19', salary='123681'}
EmployeeDTO{empID='198429', namePrefix='Mr.', firstName='Elmer', middleInitial='R', lastName='Jason', gender='M', email='elmer.jason@yahoo.com', dob='1996-04-09', dateOfJoining='2017-05-28', salary='93504'}
EmployeeDTO{empID='198429', namePrefix='Mr.', firstName='Elmer', middleInitial='R', lastName='Jason', gender='M', email='elmer.jason@yahoo.com', dob='1996-04-09', dateOfJoining='2017-05-28', salary='93504'}
EmployeeDTO{empID='198429', namePrefix='Mr.', firstName='Elmer', middleInitial='R', lastName='Jason', gender='M', email='elmer.jason@yahoo.com', dob='1996-04-09', dateOfJoining='2017-05-28', salary='93504'}
EmployeeDTO{empID='198429', namePrefix='Mr.', firstName='Elmer', middleInitial='R', lastName='Jason', gender='M', email='elmer.jason@yahoo.com', dob='1996-04-09', dateOfJoining='2017-05-28', salary='93504'}
EmployeeDTO{empID='198429', namePrefix='Mr.', firstName='Elmer', middleInitial='R', lastName='Jason', gender='M', email='elmer.jason@yahoo.com', dob='1996-04-09', dateOfJoining='2017-05-28', salary='93504'}
EmployeeDTO{empID='198429', namePrefix='Mr.', firstName='Elmer', middleInitial='R', lastName='Jason', gender='M', email='elmer.jason@yahoo.com', dob='1996-04-09', dateOfJoining='2017-05-28', salary='93504'}
EmployeeDTO{empID='198429', namePrefix='Mr.', firstName='Elmer', middleInitial='R', lastName='Jason', gender='M', email='elmer.jason@yahoo.com', dob='1996-04-09', dateOfJoining='2017-05-28', salary='93504'}
EmployeeDTO{empID='198429', namePrefix='Ms.', firstName='Zelda', middleInitial='P', lastName='Forest', gender='F', email='zelda.forest@ibm.com', dob='1959-11-27', dateOfJoining='2014-01-28', salary='176642'}
EmployeeDTO{empID='198429', namePrefix='Ms.', firstName='Zelda', middleInitial='P', lastName='Forest', gender='F', email='zelda.forest@ibm.com', dob='1959-11-27', dateOfJoining='2014-01-28', salary='176642'}
EmployeeDTO{empID='198429', namePrefix='Ms.', firstName='Zelda', middleInitial='P', lastName='Forest', gender='F', email='zelda.forest@ibm.com', dob='1959-11-27', dateOfJoining='2014-01-28', salary='176642'}
EmployeeDTO{empID='198429', namePrefix='Ms.', firstName='Zelda', middleInitial='P', lastName='Forest', gender='F', email='zelda.forest@ibm.com', dob='1959-11-27', dateOfJoining='2014-01-28', salary='176642'}
EmployeeDTO{empID='198429', namePrefix='Ms.', firstName='Zelda', middleInitial='P', lastName='Forest', gender='F', email='zelda.forest@ibm.com', dob='1959-11-27', dateOfJoining='2014-01-28', salary='176642'}
EmployeeDTO{empID='198429', namePrefix='Ms.', firstName='Zelda', middleInitial='P', lastName='Forest', gender='F', email='zelda.forest@ibm.com', dob='1959-11-27', dateOfJoining='2014-01-28', salary='176642'}
EmployeeDTO{empID='198429', namePrefix='Ms.', firstName='Zelda', middleInitial='P', lastName='Forest', gender='F', email='zelda.forest@ibm.com', dob='1959-11-27', dateOfJoining='2014-01-28', salary='176642'}
EmployeeDTO{empID='198429', namePrefix='Mr.', firstName='Rhett', middleInitial='P', lastName='Wan', gender='M', email='rhett.wan@hotmail.com', dob='1976-07-14', dateOfJoining='2009-01-21', salary='59406'}
EmployeeDTO{empID='198429', namePrefix='Mr.', firstName='Rhett', middleInitial='P', lastName='Wan', gender='M', email='rhett.wan@hotmail.com', dob='1976-07-14', dateOfJoining='2009-01-21', salary='59406'}
EmployeeDTO{empID='198429', namePrefix='Mr.', firstName='Rhett', middleInitial='P', lastName='Wan', gender='M', email='rhett.wan@hotmail.com', dob='1976-07-14', dateOfJoining='2009-01-21', salary='59406'}
EmployeeDTO{empID='198429', namePrefix='Mr.', firstName='Rhett', m